{
    "step": 0,
    "loss": 0.4902600347995758,
    "acc": 0.8253166675567627,
    "val_loss": 0.37443751096725464,
    "val_acc": 0.8644999861717224
}