{
    "step": 2,
    "loss": 0.31043750047683716,
    "acc": 0.8873833417892456,
    "val_loss": 0.2959757447242737,
    "val_acc": 0.8921999931335449
}