{
    "step": 1,
    "loss": 0.34965160489082336,
    "acc": 0.8745333552360535,
    "val_loss": 0.31476420164108276,
    "val_acc": 0.8863999843597412
}