epoch, loss, acc, val_loss, val_acc
1, 0.48551884293556213, 0.8260666728019714, 0.344816118478775, 0.8773999810218811
2, 0.3370668292045593, 0.8787999749183655, 0.3143807649612427, 0.8877000212669373
3, 0.3038361668586731, 0.8906000256538391, 0.28912869095802307, 0.8939999938011169
