{"loss": 0.28912869095802307, "acc": 0.8939999938011169}