{"loss": 0.29228824377059937, "acc": 0.8920999765396118}